login,Status
baptooo,User Not found
thomasbw,User Not found
gjayanth715,User Not found
Airrudi,User Not found
AnaKostadinovska,User Not found
pankti11,User Not found
DavidGPlatt,User Not found
SanjeevRanjan0,User Not found
wendyminton,User Removed
brianmathewson,User Not found
SannihithReddy610,User Not found
krishnapodila-philips,User Removed
tummalahariprasad,User Removed
strncpy,User Removed
GaganPunjabi1,User Removed
tiwari-ravi,User Removed
prince-melvin,User Not found
sharifmohammad07,User Removed
NTripathy2021,User Removed
cciofolo,User Removed
astridFranz,User Removed
KyleBourdlaies,User Removed
HMHeres,User Removed
ehelfenbein,User Removed
JamesJJTurner,User Removed
Ruijun-Zhang,User Removed
kattippey,User Removed
ChristianArlt,User Removed
venkateshaeturi,User Removed
Praveenphilips,User Removed
ivanawl,User Removed
JessicaFoster-Dingley,User Removed
Arunkumar-Thirunavukarasu,User Removed
EvgeniKovalevPhilips,User Removed
Harikrishnan71,User Removed
weisterzong,User Removed
Randy-Watson-Philips,User Removed
alievenoogen,User Removed
pmargenf,User Removed
satskrishna,User Removed
asimsiddiquipk,User Removed
MarcinBartoszewski,User Removed
SuryaPhil,User Removed
patilnhce,User Removed
28015096,User Removed
mohd-irshad-vt,User Removed
matt-valdez-philips,User Removed
szareima,User Removed
yavarima,User Removed
